{
 "version": 1,
 "kind": "fbs_vs_fcs",
 "trained_at": "2026-07-22T03:42:44.545217+00:00",
 "feature_names": [
  "fbs_elo",
  "fbs_prior_sp",
  "fbs_prior_savant",
  "fbs_home"
 ],
 "scaler_mean": [
  1488.0791387110407,
  -0.0009589041095892494,
  0.32283561643835634,
  0.9739726027397261
 ],
 "scaler_std": [
  117.49296431054499,
  12.662737337902964,
  8.753679964345476,
  0.15921674488611776
 ],
 "coef": [
  0.7649741177247014,
  0.31365707187098246,
  -0.07048879350708356,
  0.27445898801013313
 ],
 "intercept": 3.0097762312789356,
 "margin_coef": [
  3.7049368892730064,
  5.6274215844042645,
  -1.5343468268132707,
  1.2254120101533599
 ],
 "margin_intercept": 28.491780821917825,
 "C": 3.0
}