{
 "version": 1,
 "trained_at": "2026-07-21T20:41:21.853321+00:00",
 "train_seasons": [
  2017,
  2018,
  2019,
  2020,
  2021,
  2022,
  2023
 ],
 "val_season": 2024,
 "test_season": 2025,
 "feature_names": [
  "elo_diff",
  "prior_savant_diff",
  "prior_sp_diff",
  "prior_missing",
  "ret_prod_diff",
  "recruit_diff",
  "recruit4_diff",
  "transfer_diff",
  "wpct_diff",
  "ppg_diff",
  "papg_diff",
  "games_min",
  "rest_diff",
  "week",
  "neutral",
  "postseason"
 ],
 "scaler_mean": [
  12.854795501963547,
  0.9448743232791981,
  1.6156999226604793,
  0.0019334880123743233,
  -0.11784609435421428,
  7.991589327146157,
  7.669013437741671,
  -0.7204176334106729,
  0.004340935445923848,
  0.2342585338525016,
  -0.09797905433056255,
  5.059358081979892,
  -0.12103634957463263,
  7.368716163959784,
  0.07579273008507348,
  0.051430781129157
 ],
 "scaler_std": [
  178.89145694311176,
  11.79482644639925,
  15.580657374328558,
  0.04392891572165439,
  25.302825573065036,
  56.974473241511056,
  50.71689375422485,
  15.825491955994535,
  0.3961543228327883,
  13.088168055460379,
  12.850088860506666,
  3.434357846586903,
  3.185798170871838,
  4.100672852267586,
  0.26466619004195735,
  0.22087475157112552
 ],
 "coef": [
  0.6692445533313005,
  -0.02473031868262848,
  0.2334468715428635,
  0.009408724293426816,
  0.2788974263602604,
  -0.009379070444384017,
  0.3881321801149717,
  -0.0007378457013737957,
  -0.11968372427141884,
  0.31046547847691286,
  -0.27274169475433274,
  0.03307388033962471,
  0.03875950464894405,
  -0.010354799003795715,
  -0.06510178138010753,
  -0.043250237298208115
 ],
 "intercept": 0.43479362226910534,
 "margin_coef": [
  7.110541882299185,
  -0.9014245491052337,
  2.7813161964130733,
  0.17600314833129843,
  2.3265673488374827,
  -0.3909197464300101,
  4.213656504136207,
  0.0024804920639452835,
  -2.0859511405561393,
  2.847797639920835,
  -2.8312583874731176,
  0.45800190635392685,
  0.4348426373863184,
  -0.9766859598510121,
  -0.3960717511478433,
  -0.7203569513256131
 ],
 "margin_intercept": 3.709976798143848,
 "C": 0.03,
 "elo": {
  "start": 1500.0,
  "new_team": 1400.0,
  "carry": 0.6,
  "k": 32.0,
  "hfa": 55.0
 }
}